year_month,Employment,Employment rate,Full-time employment,Labour force,Part-time employment ,Participation rate,Population,Unemployment,Unemployment rate,5_year_mortgage_rate,net_migration,average_weekly_earnings,Annual_BCPI_Total,Annual_BCPI_Excluding_Energy,Annual_BCPI_Energy,Annual_BCPI_Metals_and_Minerals,Annual_BCPI_Forestry,Annual_BCPI_Agriculture,Annual_BCPI_Fish,Total_CPI,Total_CPI_seasonally_adjusted,CPI_trim,CPI_median,CPI_common,housing_starts,WTI,Home_Prices_Calgary
1999-02,1530.4,68.5,1231.9,1626.1,298.5,72.8,2234.6,95.7,5.9,6.79,7287.0,,259.2,220.45,447.96,244.73,308.45,139.08,869.87,91.6,91.8,1.0,1.1,1.8,1524.0,12.02,147815
1999-03,1532.7,68.5,1238.5,1625.7,294.2,72.6,2239.1,93.1,5.7,7.03,7287.0,,259.2,220.45,447.96,244.73,308.45,139.08,869.87,92.0,92.0,1.1,1.1,1.8,1117.0,14.68,148112
1999-04,1532.4,68.3,1239.2,1625.5,293.2,72.4,2244.0,93.1,5.7,6.71,10139.0,,259.2,220.45,447.96,244.73,308.45,139.08,869.87,92.5,92.5,1.3,1.2,2.0,1518.0,17.3,146838
1999-05,1535.3,68.3,1236.9,1635.3,298.4,72.7,2248.4,100.0,6.1,6.99,10139.0,,259.2,220.45,447.96,244.73,308.45,139.08,869.87,92.7,92.6,1.3,1.2,2.0,1428.0,17.77,147624
1999-06,1548.7,68.7,1253.5,1637.9,295.2,72.7,2253.6,89.2,5.4,7.35,10139.0,,259.2,220.45,447.96,244.73,308.45,139.08,869.87,92.9,92.6,1.3,1.2,2.0,2210.0,17.92,148027
1999-07,1552.7,68.8,1256.2,1643.8,296.5,72.8,2257.5,91.1,5.5,7.42,9082.0,,259.2,220.45,447.96,244.73,308.45,139.08,869.87,93.1,92.8,1.3,1.2,1.9,1969.0,20.1,149196
1999-08,1552.0,68.6,1251.0,1647.7,301.0,72.8,2262.4,95.7,5.8,7.8,9082.0,,259.2,220.45,447.96,244.73,308.45,139.08,869.87,93.3,93.2,1.3,1.2,1.9,2438.0,21.28,149642
1999-09,1548.9,68.3,1261.2,1645.5,287.7,72.6,2266.2,96.6,5.9,7.67,9082.0,,259.2,220.45,447.96,244.73,308.45,139.08,869.87,93.6,93.5,1.5,1.3,2.0,1561.0,23.79,150067
1999-10,1555.4,68.5,1256.7,1640.0,298.7,72.2,2269.9,84.6,5.2,7.9,4203.0,,259.2,220.45,447.96,244.73,308.45,139.08,869.87,93.7,93.6,1.5,1.3,1.9,1871.0,22.67,150917
1999-11,1554.4,68.4,1260.4,1642.5,294.1,72.3,2273.2,88.1,5.4,8.13,4203.0,,259.2,220.45,447.96,244.73,308.45,139.08,869.87,93.6,93.7,1.5,1.3,1.8,1732.0,24.77,150470
1999-12,1561.5,68.6,1267.5,1651.8,294.0,72.6,2276.2,90.3,5.5,8.13,4203.0,,259.2,220.45,447.96,244.73,308.45,139.08,869.87,93.7,94.0,1.6,1.4,1.9,1567.0,26.09,152276
2000-01,1568.8,68.8,1270.4,1650.6,298.4,72.4,2280.1,81.8,5.0,8.34,9872.0,,327.84,222.72,769.31,268.02,289.58,149.37,876.46,93.5,94.0,1.5,1.3,1.4,1252.0,27.01,151681
2000-02,1575.4,68.9,1282.9,1656.8,292.5,72.5,2285.1,81.4,4.9,8.43,9872.0,,327.84,222.72,769.31,268.02,289.58,149.37,876.46,94.1,94.3,1.6,1.4,1.8,1220.0,29.3,153253
2000-03,1580.2,69.0,1285.2,1664.7,295.0,72.7,2289.9,84.5,5.1,8.24,9872.0,,327.84,222.72,769.31,268.02,289.58,149.37,876.46,94.8,94.8,1.6,1.4,1.8,1323.0,29.89,153870
2000-04,1582.8,69.0,1283.6,1664.7,299.2,72.5,2294.9,81.9,4.9,8.23,10819.0,,327.84,222.72,769.31,268.02,289.58,149.37,876.46,94.5,94.4,1.5,1.3,1.5,1846.0,25.54,154953
2000-05,1582.1,68.8,1292.4,1661.5,289.7,72.2,2300.9,79.4,4.8,8.5,10819.0,,327.84,222.72,769.31,268.02,289.58,149.37,876.46,94.9,94.7,1.6,1.4,1.7,2438.0,28.81,155420
2000-06,1575.0,68.3,1286.1,1657.1,288.9,71.9,2305.3,82.0,4.9,8.34,10819.0,,327.84,222.72,769.31,268.02,289.58,149.37,876.46,95.5,95.3,1.8,1.6,1.7,2031.0,31.53,156822
2000-07,1572.4,68.1,1284.3,1658.6,288.2,71.8,2309.8,86.2,5.2,8.18,8725.0,,327.84,222.72,769.31,268.02,289.58,149.37,876.46,95.8,95.6,1.8,1.6,1.8,1932.0,29.72,155803
2000-08,1575.2,68.1,1292.6,1663.0,282.6,71.8,2314.6,87.8,5.3,8.08,8725.0,,327.84,222.72,769.31,268.02,289.58,149.37,876.46,95.7,95.5,1.9,1.7,1.9,1914.0,31.14,157715
2000-09,1587.9,68.5,1298.8,1668.6,289.1,72.0,2318.8,80.6,4.8,8.08,8725.0,,327.84,222.72,769.31,268.02,289.58,149.37,876.46,96.1,95.9,1.8,1.6,1.8,2027.0,33.87,156865
2000-10,1595.3,68.7,1311.5,1674.6,283.8,72.1,2323.4,79.2,4.7,8.08,7557.0,,327.84,222.72,769.31,268.02,289.58,149.37,876.46,96.3,96.3,1.9,1.7,1.8,1784.0,32.93,157311
2000-11,1605.0,68.9,1313.9,1689.0,291.1,72.6,2327.8,84.0,5.0,8.04,7557.0,,327.84,222.72,769.31,268.02,289.58,149.37,876.46,96.6,96.8,2.0,1.8,2.0,2004.0,34.26,156695
2000-12,1609.1,69.0,1308.2,1692.9,300.8,72.6,2332.0,83.8,5.0,7.81,7557.0,,327.84,222.72,769.31,268.02,289.58,149.37,876.46,96.7,97.0,2.1,1.9,2.1,1735.0,28.4,159329
2001-01,1610.2,69.0,1314.0,1699.0,296.1,72.8,2332.6,88.8,5.2,7.58,9199.0,670.08,290.31,215.01,629.68,242.7,273.4,160.61,876.89,96.3,96.8,2.2,2.0,2.4,1581.0,29.26,159754
2001-02,1618.6,69.3,1322.9,1699.8,295.7,72.7,2336.8,81.2,4.8,7.52,9199.0,670.05,290.31,215.01,629.68,242.7,273.4,160.61,876.89,96.8,96.9,2.2,2.1,2.3,1193.0,29.64,161709
2001-03,1608.5,68.7,1317.0,1692.0,291.5,72.3,2341.3,83.5,4.9,7.19,9199.0,667.98,290.31,215.01,629.68,242.7,273.4,160.61,876.89,97.1,97.1,2.1,2.1,2.3,1318.0,27.27,160668
2001-04,1620.6,69.0,1325.8,1705.3,294.8,72.6,2347.4,84.7,5.0,7.22,11165.0,671.24,290.31,215.01,629.68,242.7,273.4,160.61,876.89,97.8,97.8,2.4,2.2,2.4,2104.0,27.62,161050
2001-05,1627.5,69.2,1332.1,1705.8,295.4,72.5,2352.0,78.2,4.6,7.38,11165.0,663.96,290.31,215.01,629.68,242.7,273.4,160.61,876.89,98.6,98.4,2.4,2.3,2.5,2257.0,28.68,161156
2001-06,1634.8,69.4,1344.7,1713.4,290.1,72.7,2356.8,78.6,4.6,7.47,11165.0,675.26,290.31,215.01,629.68,242.7,273.4,160.61,876.89,98.7,98.4,2.4,2.2,2.5,2405.0,27.59,161857
2001-07,1625.2,68.8,1321.7,1704.9,303.5,72.2,2362.5,79.7,4.7,7.46,13378.0,672.52,290.31,215.01,629.68,242.7,273.4,160.61,876.89,98.4,98.1,2.4,2.3,2.5,2176.0,26.47,162813
2001-08,1629.4,68.8,1333.5,1704.8,295.9,72.0,2368.5,75.4,4.4,7.39,13378.0,673.12,290.31,215.01,629.68,242.7,273.4,160.61,876.89,98.4,98.2,2.4,2.3,2.5,2205.0,27.31,163429
2001-09,1635.7,68.9,1338.4,1706.5,297.2,71.9,2374.0,70.8,4.1,7.03,13378.0,691.77,290.31,215.01,629.68,242.7,273.4,160.61,876.89,98.6,98.4,2.3,2.3,2.5,2231.0,25.69,165469
2001-10,1641.6,69.0,1350.4,1720.3,291.2,72.3,2379.0,78.7,4.6,6.74,7659.0,692.79,290.31,215.01,629.68,242.7,273.4,160.61,876.89,98.1,98.1,2.2,2.2,2.5,2469.0,22.21,165341
2001-11,1642.5,68.9,1352.8,1719.2,289.8,72.1,2384.0,76.6,4.5,6.51,7659.0,675.33,290.31,215.01,629.68,242.7,273.4,160.61,876.89,97.2,97.4,1.9,2.0,2.3,2345.0,19.67,166170
2001-12,1640.3,68.7,1354.7,1731.7,285.6,72.5,2388.5,91.4,5.3,6.64,7659.0,673.47,290.31,215.01,629.68,242.7,273.4,160.61,876.89,97.4,97.7,1.9,2.0,2.4,2173.0,19.4,167019
2002-01,1651.3,69.0,1357.6,1735.9,293.7,72.5,2394.7,84.6,4.9,6.62,9750.0,682.5,274.69,205.29,586.26,244.03,245.56,160.3,858.48,97.6,98.1,2.0,2.1,2.3,1974.0,19.73,168082
2002-02,1641.4,68.4,1347.8,1735.2,293.6,72.3,2399.4,93.8,5.4,6.59,9750.0,687.85,274.69,205.29,586.26,244.03,245.56,160.3,858.48,98.2,98.4,2.0,2.0,2.3,1911.0,20.76,169866
2002-03,1652.5,68.7,1355.3,1746.4,297.2,72.6,2404.6,93.9,5.4,6.8,9750.0,692.24,274.69,205.29,586.26,244.03,245.56,160.3,858.48,98.9,98.8,2.0,2.0,2.3,2585.0,24.44,170822
2002-04,1652.8,68.5,1355.8,1751.1,297.0,72.6,2411.4,98.4,5.6,7.0,12765.0,695.55,274.69,205.29,586.26,244.03,245.56,160.3,858.48,99.5,99.5,2.1,2.0,2.4,2669.0,26.26,172076
2002-05,1654.0,68.4,1359.2,1760.9,294.8,72.9,2416.9,106.9,6.1,7.0,12765.0,680.32,274.69,205.29,586.26,244.03,245.56,160.3,858.48,99.7,99.4,2.0,2.0,2.2,3149.0,26.95,173903
2002-06,1665.2,68.7,1368.2,1761.9,297.0,72.7,2422.5,96.7,5.5,6.98,12765.0,692.84,274.69,205.29,586.26,244.03,245.56,160.3,858.48,99.9,99.6,2.0,2.1,2.2,3373.0,25.55,174731
2002-07,1686.8,69.4,1389.2,1783.5,297.6,73.4,2429.0,96.7,5.4,6.9,9092.0,694.23,274.69,205.29,586.26,244.03,245.56,160.3,858.48,100.5,100.3,1.9,2.0,2.2,2307.0,26.94,175942
2002-08,1694.3,69.6,1386.3,1782.4,308.1,73.3,2433.2,88.1,4.9,6.61,9092.0,683.74,274.69,205.29,586.26,244.03,245.56,160.3,858.48,100.9,100.7,2.1,2.2,2.3,3211.0,28.2,176749
2002-09,1680.9,68.9,1383.9,1779.7,297.0,73.0,2438.4,98.9,5.6,6.49,9092.0,696.25,274.69,205.29,586.26,244.03,245.56,160.3,858.48,100.9,100.8,2.1,2.2,2.1,2770.0,29.67,178045
2002-10,1683.6,68.9,1388.9,1781.2,294.8,72.9,2442.1,97.6,5.5,6.5,3649.0,693.97,274.69,205.29,586.26,244.03,245.56,160.3,858.48,101.2,101.3,2.1,2.1,2.0,3285.0,28.86,180127
2002-11,1696.5,69.4,1396.0,1788.4,300.5,73.1,2445.8,91.9,5.1,6.47,3649.0,702.35,274.69,205.29,586.26,244.03,245.56,160.3,858.48,101.5,101.6,2.3,2.2,2.4,2984.0,26.19,181572
2002-12,1704.3,69.6,1404.4,1792.8,299.9,73.2,2449.3,88.5,4.9,6.39,3649.0,704.03,274.69,205.29,586.26,244.03,245.56,160.3,858.48,101.1,101.5,2.2,2.2,2.1,2511.0,29.39,181699
2003-01,1703.4,69.4,1396.6,1800.8,306.8,73.4,2453.4,97.3,5.4,6.26,7051.0,702.65,331.58,222.71,802.06,270.62,274.31,164.79,899.19,102.0,102.4,2.2,2.2,2.4,1833.0,32.7,184185
2003-02,1709.2,69.6,1403.4,1803.6,305.8,73.4,2457.3,94.4,5.2,6.29,7051.0,720.43,331.58,222.71,802.06,270.62,274.31,164.79,899.19,102.8,102.9,2.3,2.4,2.2,2636.0,35.73,186245
2003-03,1702.4,69.2,1395.7,1802.2,306.7,73.2,2461.6,99.9,5.5,6.33,7051.0,708.09,331.58,222.71,802.06,270.62,274.31,164.79,899.19,103.1,103.0,2.2,2.4,2.2,2338.0,33.16,185013
2003-04,1707.2,69.2,1411.4,1812.0,295.8,73.4,2467.0,104.8,5.8,6.44,6388.0,715.33,331.58,222.71,802.06,270.62,274.31,164.79,899.19,102.4,102.3,2.0,2.2,1.9,2908.0,28.14,186203
2003-05,1719.8,69.6,1411.9,1819.5,307.9,73.6,2470.8,99.7,5.5,6.1,6388.0,696.9,331.58,222.71,802.06,270.62,274.31,164.79,899.19,102.5,102.1,2.0,2.2,1.9,2739.0,28.07,186734
2003-06,1726.6,69.7,1417.1,1820.9,309.5,73.5,2475.8,94.2,5.2,5.62,6388.0,716.57,331.58,222.71,802.06,270.62,274.31,164.79,899.19,102.5,102.3,1.9,2.0,1.9,2921.0,30.52,187180
2003-07,1730.0,69.8,1411.8,1817.8,318.1,73.3,2479.6,87.9,4.8,5.71,7034.0,711.21,331.58,222.71,802.06,270.62,274.31,164.79,899.19,102.6,102.5,1.9,2.1,1.8,3103.0,30.7,187180
2003-08,1731.8,69.7,1420.6,1824.5,311.3,73.5,2483.7,92.6,5.1,5.87,7034.0,720.27,331.58,222.71,802.06,270.62,274.31,164.79,899.19,102.9,102.8,1.7,1.9,1.8,3050.0,31.6,188561
2003-09,1740.3,69.9,1423.5,1826.0,316.8,73.4,2488.6,85.6,4.7,5.97,7034.0,733.24,331.58,222.71,802.06,270.62,274.31,164.79,899.19,103.1,103.0,1.8,1.9,1.9,2962.0,28.31,188943
2003-10,1748.4,70.1,1430.4,1835.4,318.0,73.6,2492.7,87.0,4.7,5.83,4913.0,716.36,331.58,222.71,802.06,270.62,274.31,164.79,899.19,102.8,102.9,1.7,1.9,1.9,2682.0,30.35,189644
2003-11,1752.7,70.2,1430.5,1838.9,322.2,73.7,2496.4,86.2,4.7,6.02,4913.0,731.27,331.58,222.71,802.06,270.62,274.31,164.79,899.19,103.1,103.1,1.7,1.9,1.7,2605.0,31.06,191896
2003-12,1761.5,70.5,1444.5,1849.3,317.0,74.0,2499.8,87.8,4.7,6.0,4913.0,722.26,331.58,222.71,802.06,270.62,274.31,164.79,899.19,103.2,103.6,1.7,1.9,1.9,2288.0,32.14,192555
2004-01,1756.8,70.2,1441.7,1844.9,315.2,73.7,2504.1,88.1,4.8,5.78,7245.0,729.67,402.51,270.79,968.69,328.45,355.34,187.72,915.57,103.3,103.7,1.7,1.8,1.6,1985.0,34.22,194190
2004-02,1758.1,70.1,1445.4,1851.0,312.7,73.8,2509.2,92.8,5.0,5.51,7245.0,739.89,402.51,270.79,968.69,328.45,355.34,187.72,915.57,103.5,103.7,1.6,1.6,1.6,2481.0,34.5,196039
2004-03,1767.7,70.3,1455.4,1860.1,312.3,74.0,2513.7,92.4,5.0,5.31,7245.0,746.03,402.51,270.79,968.69,328.45,355.34,187.72,915.57,103.9,103.7,1.5,1.5,1.7,2124.0,36.72,196888
2004-04,1774.0,70.4,1454.9,1856.1,319.1,73.7,2518.1,82.1,4.4,5.56,7425.0,725.75,402.51,270.79,968.69,328.45,355.34,187.72,915.57,104.1,104.0,1.6,1.6,1.8,2425.0,36.62,198099
2004-05,1769.7,70.2,1455.3,1845.2,314.4,73.1,2522.6,75.5,4.1,5.82,7425.0,735.27,402.51,270.79,968.69,328.45,355.34,187.72,915.57,105.0,104.7,1.6,1.7,1.8,2268.0,40.28,197165
2004-06,1773.4,70.1,1449.1,1859.2,324.3,73.5,2529.0,85.8,4.6,6.06,7425.0,730.9,402.51,270.79,968.69,328.45,355.34,187.72,915.57,105.1,104.8,1.7,1.7,1.9,3516.0,38.05,197377
2004-07,1768.1,69.8,1452.2,1853.2,315.9,73.1,2534.7,85.1,4.6,6.1,14051.0,730.8,402.51,270.79,968.69,328.45,355.34,187.72,915.57,105.0,104.8,1.7,1.6,1.8,2596.0,40.81,198290
2004-08,1782.1,70.1,1461.8,1861.4,320.3,73.2,2542.1,79.3,4.3,5.97,14051.0,746.17,402.51,270.79,968.69,328.45,355.34,187.72,915.57,104.8,104.7,1.7,1.6,1.8,2797.0,44.88,198057
2004-09,1793.2,70.4,1464.8,1879.1,328.4,73.8,2547.6,86.0,4.6,5.94,14051.0,743.24,402.51,270.79,968.69,328.45,355.34,187.72,915.57,105.0,104.8,1.7,1.7,1.7,2895.0,45.94,199161
2004-10,1784.3,69.9,1463.2,1872.4,321.1,73.3,2552.7,88.0,4.7,5.95,9491.0,746.28,402.51,270.79,968.69,328.45,355.34,187.72,915.57,105.2,105.2,1.8,1.7,1.8,3222.0,53.09,200564
2004-11,1793.2,70.1,1464.8,1878.9,328.4,73.5,2557.8,85.7,4.6,5.87,9491.0,760.74,402.51,270.79,968.69,328.45,355.34,187.72,915.57,105.6,105.7,1.8,1.8,1.9,3202.0,48.48,203240
2004-12,1795.0,70.0,1467.7,1877.9,327.3,73.3,2562.6,82.8,4.4,5.69,9491.0,746.56,402.51,270.79,968.69,328.45,355.34,187.72,915.57,105.4,105.8,1.8,1.9,1.9,2677.0,43.26,206151
2005-01,1799.0,70.0,1478.3,1880.9,320.7,73.2,2568.5,81.9,4.4,5.6,12814.0,764.04,505.53,278.11,1396.84,373.55,343.19,185.77,1052.62,105.3,105.8,1.7,1.8,1.9,1854.0,46.85,208700
2005-02,1799.3,69.9,1487.5,1876.0,311.8,72.8,2575.5,76.7,4.1,5.59,12814.0,785.04,505.53,278.11,1396.84,373.55,343.19,185.77,1052.62,105.7,105.9,1.7,1.8,1.9,2215.0,48.05,224500
2005-03,1807.0,70.0,1490.9,1874.5,316.1,72.6,2582.3,67.5,3.6,5.6,12814.0,752.94,505.53,278.11,1396.84,373.55,343.19,185.77,1052.62,106.3,106.2,1.9,2.0,1.9,2480.0,54.63,224500
2005-04,1814.7,70.1,1490.7,1889.2,324.0,73.0,2589.2,74.4,3.9,5.67,17365.0,767.75,505.53,278.11,1396.84,373.55,343.19,185.77,1052.62,106.6,106.4,1.8,1.9,2.0,3269.0,53.22,223300
2005-05,1816.7,69.9,1494.0,1886.2,322.7,72.6,2598.0,69.4,3.7,5.55,17365.0,777.26,505.53,278.11,1396.84,373.55,343.19,185.77,1052.62,106.7,106.3,1.8,1.8,1.9,3681.0,49.87,221800
2005-06,1815.7,69.7,1512.0,1889.2,303.7,72.5,2604.7,73.5,3.9,5.31,17365.0,769.02,505.53,278.11,1396.84,373.55,343.19,185.77,1052.62,106.9,106.6,1.8,1.9,2.0,2655.0,56.42,221200
2005-07,1827.7,70.0,1520.9,1894.5,306.8,72.6,2611.2,66.8,3.5,5.26,17006.0,773.3,505.53,278.11,1396.84,373.55,343.19,185.77,1052.62,107.1,106.8,1.7,1.8,2.0,2810.0,59.03,222700
2005-08,1826.7,69.7,1515.5,1897.3,311.2,72.4,2619.2,70.7,3.7,5.32,17006.0,787.98,505.53,278.11,1396.84,373.55,343.19,185.77,1052.62,107.5,107.3,1.7,1.8,2.1,2927.0,64.99,225500
2005-09,1827.1,69.6,1523.9,1901.7,303.2,72.4,2626.4,74.6,3.9,5.3,17006.0,796.71,505.53,278.11,1396.84,373.55,343.19,185.77,1052.62,108.4,108.3,1.7,1.9,2.1,3698.0,65.55,230300
2005-10,1838.3,69.8,1514.1,1915.9,324.1,72.7,2634.0,77.6,4.1,5.39,17890.0,805.85,505.53,278.11,1396.84,373.55,343.19,185.77,1052.62,107.9,108.1,1.7,1.9,1.9,3096.0,62.27,236700
2005-11,1842.6,69.8,1536.3,1922.2,306.3,72.8,2641.1,79.6,4.1,5.56,17890.0,812.74,505.53,278.11,1396.84,373.55,343.19,185.77,1052.62,107.7,107.9,1.7,1.8,1.9,2952.0,58.34,244500
2005-12,1849.1,69.8,1538.1,1931.2,311.0,72.9,2647.3,82.1,4.3,5.6,17890.0,795.0,505.53,278.11,1396.84,373.55,343.19,185.77,1052.62,107.6,108.0,1.7,1.8,1.9,2663.0,59.45,252000
2006-01,1858.4,70.0,1554.3,1932.9,304.2,72.8,2656.6,74.5,3.9,5.65,18112.0,808.44,533.97,319.82,1382.74,548.11,325.7,194.85,1013.69,108.2,108.9,1.8,1.8,2.1,2318.0,65.54,263300
2006-02,1881.4,70.6,1556.9,1944.0,324.5,73.0,2663.5,62.6,3.2,5.75,18112.0,819.82,533.97,319.82,1382.74,548.11,325.7,194.85,1013.69,108.0,108.5,1.8,1.8,2.0,3045.0,61.93,273500
2006-03,1891.6,70.8,1574.2,1957.1,317.4,73.3,2671.0,65.5,3.3,5.78,18112.0,809.76,533.97,319.82,1382.74,548.11,325.7,194.85,1013.69,108.6,108.6,1.8,1.9,1.9,3526.0,62.97,284200
2006-04,1894.3,70.8,1587.4,1961.8,306.9,73.3,2677.4,67.5,3.4,5.88,17127.0,820.17,533.97,319.82,1382.74,548.11,325.7,194.85,1013.69,109.2,109.1,1.8,1.8,1.8,3463.0,70.16,298100
2006-05,1921.1,71.5,1615.0,1990.9,306.1,74.1,2685.6,69.8,3.5,6.05,17127.0,823.87,533.97,319.82,1382.74,548.11,325.7,194.85,1013.69,109.7,109.2,1.9,2.0,1.9,3880.0,70.96,312700
2006-06,1918.0,71.2,1606.7,1989.9,311.3,73.9,2693.3,71.9,3.6,6.12,17127.0,808.18,533.97,319.82,1382.74,548.11,325.7,194.85,1013.69,109.5,109.1,1.8,1.8,1.7,4276.0,70.97,327300
2006-07,1924.9,71.2,1612.1,1995.7,312.9,73.9,2701.9,70.8,3.5,6.26,25601.0,816.63,533.97,319.82,1382.74,548.11,325.7,194.85,1013.69,109.6,109.2,2.0,2.0,1.9,3796.0,74.46,338700
2006-08,1933.0,71.2,1620.4,2014.0,312.6,74.2,2713.0,81.0,4.0,6.24,25601.0,816.32,533.97,319.82,1382.74,548.11,325.7,194.85,1013.69,109.8,109.4,2.1,2.0,2.0,3475.0,73.08,348500
2006-09,1940.4,71.3,1639.0,2012.7,301.4,74.0,2720.9,72.3,3.6,6.13,25601.0,826.41,533.97,319.82,1382.74,548.11,325.7,194.85,1013.69,109.2,109.0,2.3,2.1,2.1,3338.0,63.9,354100
2006-10,1950.9,71.5,1655.9,2018.7,295.1,74.0,2727.6,67.7,3.4,6.01,12911.0,841.74,533.97,319.82,1382.74,548.11,325.7,194.85,1013.69,109.0,109.1,2.4,2.1,2.2,2801.0,59.14,358200
2006-11,1961.7,71.8,1655.6,2027.4,306.1,74.2,2733.7,65.7,3.2,5.99,12911.0,821.49,533.97,319.82,1382.74,548.11,325.7,194.85,1013.69,109.2,109.5,2.5,2.2,2.3,4189.0,59.4,361200
2006-12,1945.7,71.0,1645.2,2020.5,300.5,73.8,2738.9,74.9,3.7,5.89,12911.0,844.49,533.97,319.82,1382.74,548.11,325.7,194.85,1013.69,109.4,109.9,2.5,2.2,2.1,2775.0,62.09,366500
2007-01,1970.8,71.8,1660.2,2047.4,310.6,74.6,2745.7,76.6,3.7,5.91,12175.0,854.06,568.77,344.48,1469.1,630.22,305.9,224.44,997.56,109.4,110.2,2.5,2.3,2.1,3010.0,54.35,370600
2007-02,1980.0,72.0,1677.6,2058.0,302.4,74.8,2750.9,77.9,3.8,6.0,12175.0,852.91,568.77,344.48,1469.1,630.22,305.9,224.44,997.56,110.2,110.6,2.8,2.5,2.4,2443.0,59.39,375500
2007-03,1978.3,71.8,1662.9,2054.2,315.4,74.5,2757.1,76.0,3.7,5.91,12175.0,849.79,568.77,344.48,1469.1,630.22,305.9,224.44,997.56,111.1,111.2,2.8,2.4,2.4,3353.0,60.74,380700
2007-04,1983.4,71.7,1668.9,2056.4,314.5,74.4,2764.5,72.9,3.5,5.92,15889.0,856.83,568.77,344.48,1469.1,630.22,305.9,224.44,997.56,111.6,111.5,2.8,2.5,2.5,3929.0,64.04,385000
2007-05,1974.0,71.2,1662.1,2055.3,311.9,74.2,2770.6,81.2,4.0,6.01,15889.0,848.87,568.77,344.48,1469.1,630.22,305.9,224.44,997.56,112.1,111.5,2.8,2.5,2.5,3684.0,63.53,389200
2007-06,1989.7,71.7,1671.6,2067.9,318.1,74.5,2776.6,78.2,3.8,6.51,15889.0,873.94,568.77,344.48,1469.1,630.22,305.9,224.44,997.56,111.9,111.3,2.9,2.7,2.5,3306.0,67.53,391200
2007-07,1997.4,71.8,1687.4,2070.8,310.0,74.4,2783.1,73.4,3.5,6.6,11937.0,877.78,568.77,344.48,1469.1,630.22,305.9,224.44,997.56,112.0,111.4,2.7,2.6,2.4,3050.0,74.15,394500
2007-08,2011.7,72.1,1701.8,2083.2,309.9,74.7,2788.5,71.5,3.4,6.62,11937.0,862.33,568.77,344.48,1469.1,630.22,305.9,224.44,997.56,111.7,111.3,2.5,2.5,2.3,3552.0,72.36,395300
2007-09,2010.4,72.0,1687.4,2086.8,323.1,74.7,2793.6,76.4,3.7,6.61,11937.0,888.54,568.77,344.48,1469.1,630.22,305.9,224.44,997.56,111.9,111.7,2.5,2.6,2.2,4366.0,79.63,397000
2007-10,2007.0,71.7,1687.8,2082.6,319.2,74.4,2798.9,75.6,3.6,6.69,8821.0,897.5,568.77,344.48,1469.1,630.22,305.9,224.44,997.56,111.6,111.9,2.3,2.5,2.0,3236.0,85.66,396500
2007-11,2009.3,71.7,1696.8,2091.7,312.5,74.6,2804.0,82.3,3.9,6.73,8821.0,885.89,568.77,344.48,1469.1,630.22,305.9,224.44,997.56,111.9,112.2,2.2,2.3,1.9,2704.0,94.63,395300
2007-12,2030.0,72.3,1711.6,2103.6,318.3,74.9,2808.7,73.6,3.5,6.75,8821.0,890.02,568.77,344.48,1469.1,630.22,305.9,224.44,997.56,112.0,112.6,2.2,2.4,2.0,1846.0,91.74,393000
2008-01,2026.6,72.0,1708.3,2106.2,318.2,74.8,2814.8,79.7,3.8,6.81,12301.0,884.08,687.1,358.04,1985.8,631.45,300.83,265.4,952.06,111.8,112.4,2.3,2.5,2.1,2320.0,92.93,393100
2008-02,2025.0,71.8,1705.7,2107.5,319.3,74.7,2820.1,82.5,3.9,6.72,12301.0,921.95,687.1,358.04,1985.8,631.45,300.83,265.4,952.06,112.2,112.6,2.2,2.5,1.9,1988.0,95.35,390200
2008-03,2040.3,72.2,1731.2,2116.7,309.1,74.9,2826.8,76.4,3.6,6.6,12301.0,918.2,687.1,358.04,1985.8,631.45,300.83,265.4,952.06,112.6,112.8,2.0,2.4,1.8,4224.0,105.42,386400
2008-04,2040.7,72.0,1724.0,2116.6,316.7,74.7,2834.9,75.9,3.6,6.4,20894.0,915.89,687.1,358.04,1985.8,631.45,300.83,265.4,952.06,113.5,113.3,2.3,2.5,1.9,2260.0,112.46,381800
2008-05,2045.9,72.0,1714.6,2124.8,331.3,74.8,2841.8,79.0,3.7,6.21,20894.0,898.25,687.1,358.04,1985.8,631.45,300.83,265.4,952.06,114.6,114.1,2.3,2.4,2.0,2762.0,125.46,376000
2008-06,2053.5,72.1,1723.6,2124.7,329.9,74.6,2849.1,71.1,3.3,6.2,20894.0,921.43,687.1,358.04,1985.8,631.45,300.83,265.4,952.06,115.4,114.9,2.3,2.5,2.2,1649.0,134.02,371100
2008-07,2049.5,71.8,1722.6,2131.1,326.9,74.6,2855.0,81.6,3.8,6.37,15554.0,904.88,687.1,358.04,1985.8,631.45,300.83,265.4,952.06,115.8,115.4,2.4,2.6,2.2,2184.0,133.48,366600
2008-08,2043.4,71.4,1722.3,2125.9,321.1,74.3,2860.8,82.6,3.9,6.25,15554.0,921.49,687.1,358.04,1985.8,631.45,300.83,265.4,952.06,115.6,115.4,2.6,2.7,2.4,1712.0,116.69,365200
2008-09,2058.7,71.8,1716.2,2146.7,342.5,74.8,2868.4,88.0,4.1,6.16,15554.0,944.32,687.1,358.04,1985.8,631.45,300.83,265.4,952.06,115.7,115.5,2.5,2.6,2.7,1881.0,103.76,364100
2008-10,2083.7,72.5,1737.3,2166.6,346.5,75.4,2874.6,82.9,3.8,6.46,12837.0,928.94,687.1,358.04,1985.8,631.45,300.83,265.4,952.06,114.5,114.7,2.5,2.6,2.7,1885.0,76.72,361700
2008-11,2067.3,71.8,1722.8,2151.9,344.5,74.7,2880.6,84.7,3.9,6.51,12837.0,951.67,687.1,358.04,1985.8,631.45,300.83,265.4,952.06,114.1,114.3,2.7,2.7,3.1,1431.0,57.44,359200
2008-12,2052.9,71.1,1713.9,2158.6,339.0,74.8,2885.7,105.7,4.9,6.17,12837.0,945.7,687.1,358.04,1985.8,631.45,300.83,265.4,952.06,113.3,113.9,2.6,2.7,3.1,1099.0,42.04,353800
2009-01,2058.2,71.2,1707.7,2164.8,350.5,74.9,2891.6,106.6,4.9,5.78,14211.0,943.59,461.54,294.56,1188.05,543.44,248.32,205.42,843.66,113.0,113.7,2.4,2.5,3.0,930.0,41.92,346500
2009-02,2048.1,70.7,1687.9,2172.4,360.2,74.9,2898.5,124.3,5.7,5.28,14211.0,962.63,461.54,294.56,1188.05,543.44,248.32,205.42,843.66,113.8,114.1,2.4,2.5,3.1,658.0,39.26,341700
2009-03,2034.4,70.0,1673.5,2165.9,360.9,74.6,2904.8,131.5,6.1,5.14,14211.0,961.33,461.54,294.56,1188.05,543.44,248.32,205.42,843.66,114.0,114.0,2.4,2.5,3.2,702.0,48.06,336800
2009-04,2033.3,69.8,1666.1,2176.1,367.2,74.8,2911.0,142.8,6.6,4.79,11896.0,934.31,461.54,294.56,1188.05,543.44,248.32,205.42,843.66,113.9,113.7,2.0,2.2,3.1,873.0,49.95,334000
2009-05,2033.4,69.7,1669.2,2185.1,364.2,74.9,2916.3,151.7,6.9,4.62,11896.0,942.23,461.54,294.56,1188.05,543.44,248.32,205.42,843.66,114.7,114.2,2.0,2.2,3.3,1063.0,59.21,334400
2009-06,2023.3,69.2,1667.3,2175.9,356.0,74.5,2922.2,152.6,7.0,4.9,11896.0,951.95,461.54,294.56,1188.05,543.44,248.32,205.42,843.66,115.1,114.7,1.9,2.1,3.2,1591.0,69.7,337600
2009-07,2020.6,69.1,1662.5,2181.0,358.1,74.5,2926.2,160.4,7.4,5.14,6985.0,939.07,461.54,294.56,1188.05,543.44,248.32,205.42,843.66,114.7,114.3,1.6,1.9,2.9,1624.0,64.29,341800
2009-08,2018.9,68.9,1645.8,2177.7,373.1,74.3,2930.0,158.8,7.3,5.13,6985.0,931.94,461.54,294.56,1188.05,543.44,248.32,205.42,843.66,114.7,114.5,1.5,1.7,2.6,1694.0,71.14,346700
2009-09,2032.7,69.3,1670.9,2186.9,361.7,74.5,2934.1,154.3,7.1,4.97,6985.0,950.29,461.54,294.56,1188.05,543.44,248.32,205.42,843.66,114.7,114.6,1.3,1.7,2.5,2062.0,69.47,350600
2009-10,2009.9,68.4,1654.3,2173.8,355.6,74.0,2937.2,163.9,7.5,5.0,1526.0,946.82,461.54,294.56,1188.05,543.44,248.32,205.42,843.66,114.6,114.8,1.4,1.7,2.5,2329.0,75.82,356500
2009-11,2022.3,68.8,1657.1,2191.1,365.2,74.5,2940.0,168.8,7.7,5.06,1526.0,959.58,461.54,294.56,1188.05,543.44,248.32,205.42,843.66,115.2,115.4,1.4,1.8,2.1,2316.0,78.15,360400
2009-12,2030.7,69.0,1658.6,2183.6,372.1,74.2,2942.5,152.9,7.0,4.83,1526.0,946.06,461.54,294.56,1188.05,543.44,248.32,205.42,843.66,114.8,115.4,1.3,1.7,1.9,1899.0,74.6,365500
2010-01,2012.2,68.3,1658.6,2160.9,353.6,73.4,2945.6,148.7,6.9,4.8,5990.0,960.13,559.21,341.37,1479.19,627.39,317.01,228.52,945.43,115.1,115.8,1.3,1.7,1.8,1369.0,78.4,368000
2010-02,2009.0,68.1,1661.8,2158.1,347.2,73.2,2949.6,149.2,6.9,4.73,5990.0,983.32,559.21,341.37,1479.19,627.39,317.01,228.52,945.43,115.6,115.9,1.3,1.7,1.8,1687.0,76.45,369300
2010-03,2013.8,68.2,1652.8,2166.4,361.0,73.3,2953.6,152.6,7.0,4.71,5990.0,990.29,559.21,341.37,1479.19,627.39,317.01,228.52,945.43,115.6,115.6,1.1,1.5,1.5,2141.0,81.29,370500
2010-04,2025.2,68.5,1663.3,2179.6,361.9,73.7,2957.7,154.4,7.1,5.15,9368.0,989.1,559.21,341.37,1479.19,627.39,317.01,228.52,945.43,116.0,115.6,1.3,1.7,1.4,2711.0,84.58,370500
2010-05,2027.0,68.4,1670.6,2171.6,356.3,73.3,2961.8,144.7,6.7,5.3,9368.0,982.03,559.21,341.37,1479.19,627.39,317.01,228.52,945.43,116.3,115.7,1.2,1.6,1.1,2299.0,74.12,369200
2010-06,2036.4,68.6,1677.0,2176.8,359.4,73.4,2967.0,140.4,6.4,5.18,9368.0,991.38,559.21,341.37,1479.19,627.39,317.01,228.52,945.43,116.2,116.0,1.1,1.5,1.1,2130.0,75.41,366600
2010-07,2035.6,68.5,1666.5,2176.2,369.1,73.3,2970.7,140.6,6.5,5.02,7523.0,982.63,559.21,341.37,1479.19,627.39,317.01,228.52,945.43,116.8,116.6,1.3,1.6,1.1,2523.0,76.38,364400
2010-08,2035.0,68.4,1673.8,2171.5,361.2,73.0,2975.2,136.6,6.3,4.82,7523.0,996.17,559.21,341.37,1479.19,627.39,317.01,228.52,945.43,116.7,116.5,1.2,1.6,1.2,1971.0,76.67,361600
2010-09,2035.6,68.4,1672.0,2170.5,363.6,72.9,2978.0,134.8,6.2,4.6,7523.0,993.21,559.21,341.37,1479.19,627.39,317.01,228.52,945.43,116.9,116.7,1.3,1.6,0.9,2252.0,75.55,359900
2010-10,2046.6,68.6,1682.9,2182.1,363.7,73.2,2981.3,135.4,6.2,4.52,795.0,1006.11,559.21,341.37,1479.19,627.39,317.01,228.52,945.43,117.4,117.4,1.4,1.7,1.1,1997.0,81.95,357400
2010-11,2040.0,68.4,1691.6,2173.0,348.4,72.8,2984.3,133.0,6.1,4.45,795.0,1010.73,559.21,341.37,1479.19,627.39,317.01,228.52,945.43,117.5,117.7,1.2,1.5,1.0,1658.0,84.32,357600
2010-12,2047.7,68.5,1681.3,2174.0,366.4,72.8,2987.2,126.3,5.8,4.5,795.0,994.23,559.21,341.37,1479.19,627.39,317.01,228.52,945.43,117.5,118.2,1.4,1.6,1.1,1384.0,89.23,356800
2011-01,2068.5,69.2,1688.7,2199.0,379.8,73.5,2990.2,130.5,5.9,4.55,8118.0,1029.67,658.19,403.91,1734.75,734.29,327.25,301.88,935.85,117.8,118.4,1.3,1.6,1.2,1186.0,89.58,358300
2011-02,2081.9,69.5,1695.4,2210.0,386.5,73.8,2993.8,128.1,5.8,4.68,8118.0,1041.82,658.19,403.91,1734.75,734.29,327.25,301.88,935.85,118.1,118.3,1.1,1.4,1.1,1425.0,89.74,358700
2011-03,2083.5,69.5,1713.1,2208.5,370.4,73.7,2997.6,125.1,5.7,4.7,8118.0,1026.77,658.19,403.91,1734.75,734.29,327.25,301.88,935.85,119.4,119.1,1.6,1.8,1.7,1411.0,102.98,360500
2011-04,2074.9,69.1,1727.4,2205.3,347.5,73.5,3002.0,130.4,5.9,4.87,12623.0,1032.16,658.19,403.91,1734.75,734.29,327.25,301.88,935.85,119.8,119.6,1.6,1.8,1.6,1646.0,110.04,361600
2011-05,2075.1,69.0,1721.9,2195.6,353.2,73.0,3007.3,120.5,5.5,4.83,12623.0,1031.26,658.19,403.91,1734.75,734.29,327.25,301.88,935.85,120.6,120.0,1.8,2.0,1.9,2127.0,101.36,362100
2011-06,2095.0,69.6,1737.6,2220.2,357.5,73.7,3011.6,125.1,5.6,4.6,12623.0,1023.19,658.19,403.91,1734.75,734.29,327.25,301.88,935.85,119.8,119.6,1.8,2.0,1.8,1947.0,96.29,363800
2011-07,2112.0,70.0,1746.0,2238.0,366.0,74.2,3018.0,126.0,5.6,4.57,11944.0,1015.81,658.19,403.91,1734.75,734.29,327.25,301.88,935.85,120.0,119.8,1.8,1.9,1.9,2144.0,97.34,364600
2011-08,2124.6,70.3,1765.4,2247.9,359.2,74.4,3022.8,123.3,5.5,4.52,11944.0,1039.55,658.19,403.91,1734.75,734.29,327.25,301.88,935.85,120.3,120.1,2.0,2.1,2.0,2599.0,86.34,364900
2011-09,2122.4,70.1,1769.9,2248.4,352.5,74.3,3026.9,126.0,5.6,4.42,11944.0,1025.58,658.19,403.91,1734.75,734.29,327.25,301.88,935.85,120.6,120.5,2.1,2.0,2.1,2049.0,85.61,364600
2011-10,2131.7,70.3,1778.7,2246.0,353.0,74.1,3030.9,114.3,5.1,4.35,13240.0,1050.32,658.19,403.91,1734.75,734.29,327.25,301.88,935.85,120.8,120.9,2.0,1.9,2.0,2640.0,86.43,365000
2011-11,2137.2,70.4,1785.1,2249.3,352.1,74.1,3034.9,112.1,5.0,4.38,13240.0,1048.99,658.19,403.91,1734.75,734.29,327.25,301.88,935.85,120.9,121.0,2.1,2.1,2.1,2378.0,97.16,363200
2011-12,2147.6,70.7,1795.0,2257.8,352.6,74.3,3038.6,110.2,4.9,4.36,13240.0,1035.74,658.19,403.91,1734.75,734.29,327.25,301.88,935.85,120.2,120.8,1.9,1.9,2.0,2053.0,98.58,366000
2012-01,2141.5,70.4,1797.1,2256.8,344.4,74.1,3043.6,115.4,5.1,4.31,18681.0,1051.8,619.87,405.24,1556.11,722.8,332.8,308.09,940.98,120.7,121.5,2.1,2.0,2.0,1570.0,100.32,366600
2012-02,2141.4,70.2,1789.9,2254.8,351.5,73.9,3049.8,113.4,5.0,4.23,18681.0,1066.25,619.87,405.24,1556.11,722.8,332.8,308.09,940.98,121.2,121.4,2.2,2.1,2.2,2166.0,102.26,367500
2012-03,2155.2,70.5,1797.5,2268.6,357.7,74.2,3056.3,113.4,5.0,4.21,18681.0,1057.75,619.87,405.24,1556.11,722.8,332.8,308.09,940.98,121.7,121.5,1.9,1.9,1.7,2433.0,106.21,368000
2012-04,2162.2,70.6,1788.9,2274.7,373.3,74.2,3064.0,112.5,4.9,4.36,21602.0,1060.27,619.87,405.24,1556.11,722.8,332.8,308.09,940.98,122.2,121.9,2.0,2.0,2.0,3101.0,103.35,370300
2012-05,2171.9,70.7,1807.4,2273.0,364.4,74.0,3069.9,101.2,4.5,4.35,21602.0,1040.1,619.87,405.24,1556.11,722.8,332.8,308.09,940.98,122.1,121.5,1.6,1.7,1.8,2684.0,94.72,373000
2012-06,2163.5,70.3,1791.4,2268.0,372.0,73.7,3075.6,104.5,4.6,4.25,21602.0,1062.43,619.87,405.24,1556.11,722.8,332.8,308.09,940.98,121.6,121.2,1.5,1.6,1.8,2776.0,82.41,375700
2012-07,2164.9,70.2,1817.0,2270.4,347.9,73.6,3082.8,105.4,4.6,4.23,19864.0,1072.57,619.87,405.24,1556.11,722.8,332.8,308.09,940.98,121.5,121.2,1.5,1.6,1.7,2860.0,87.93,375600
2012-08,2176.3,70.5,1821.8,2274.9,354.5,73.7,3088.6,98.6,4.3,4.23,19864.0,1079.6,619.87,405.24,1556.11,722.8,332.8,308.09,940.98,121.8,121.7,1.5,1.7,1.7,2451.0,94.16,377600
2012-09,2178.7,70.4,1831.5,2285.7,347.2,73.9,3094.5,107.0,4.7,4.2,19864.0,1080.59,619.87,405.24,1556.11,722.8,332.8,308.09,940.98,122.0,121.9,1.4,1.6,1.5,2728.0,94.56,379400
2012-10,2182.3,70.4,1830.6,2293.1,351.8,74.0,3100.4,110.8,4.8,4.17,15706.0,1095.16,619.87,405.24,1556.11,722.8,332.8,308.09,940.98,122.2,122.2,1.3,1.7,1.6,2569.0,89.57,382200
2012-11,2190.1,70.5,1833.1,2292.2,357.1,73.8,3105.8,102.1,4.5,4.15,15706.0,1079.12,619.87,405.24,1556.11,722.8,332.8,308.09,940.98,121.9,122.1,1.2,1.6,1.6,3143.0,86.73,383800
2012-12,2182.8,70.2,1838.1,2292.1,344.7,73.7,3110.9,109.3,4.8,4.15,15706.0,1083.3,619.87,405.24,1556.11,722.8,332.8,308.09,940.98,121.2,122.0,1.2,1.7,1.5,2125.0,88.25,386000
2013-01,2190.4,70.3,1845.8,2295.2,344.7,73.6,3117.7,104.8,4.6,4.14,22296.0,1068.21,618.24,376.58,1629.5,609.62,367.41,290.74,1095.32,121.3,122.1,1.0,1.5,1.3,1767.0,94.83,388300
2013-02,2190.6,70.1,1844.2,2297.3,346.4,73.6,3123.4,106.7,4.6,4.11,22296.0,1111.65,618.24,376.58,1629.5,609.62,367.41,290.74,1095.32,122.7,122.9,1.2,1.6,1.5,2318.0,95.32,391200
2013-03,2186.5,69.8,1852.0,2295.3,334.5,73.3,3131.3,108.8,4.7,4.02,22296.0,1104.15,618.24,376.58,1629.5,609.62,367.41,290.74,1095.32,122.9,122.8,1.2,1.6,1.5,2383.0,92.96,394700
2013-04,2200.1,70.0,1879.6,2299.0,320.5,73.2,3141.0,98.9,4.3,4.02,29025.0,1102.39,618.24,376.58,1629.5,609.62,367.41,290.74,1095.32,122.7,122.3,1.0,1.5,1.3,3080.0,92.07,396400
2013-05,2205.0,70.0,1853.9,2311.0,351.1,73.4,3148.7,106.0,4.6,4.02,29025.0,1097.23,618.24,376.58,1629.5,609.62,367.41,290.74,1095.32,123.0,122.3,1.1,1.5,1.2,3465.0,94.8,398300
2013-06,2210.1,70.0,1855.6,2320.1,354.5,73.5,3155.4,110.0,4.7,4.0,29025.0,1096.51,618.24,376.58,1629.5,609.62,367.41,290.74,1095.32,123.0,122.6,1.3,1.7,1.2,3175.0,95.8,400500
2013-07,2213.8,70.0,1854.3,2321.0,359.5,73.4,3163.8,107.2,4.6,4.08,24066.0,1097.96,618.24,376.58,1629.5,609.62,367.41,290.74,1095.32,123.1,122.8,1.3,1.7,1.3,3034.0,104.7,403000
2013-08,2229.7,70.3,1860.2,2342.6,369.4,73.9,3170.8,113.0,4.8,4.14,24066.0,1091.72,618.24,376.58,1629.5,609.62,367.41,290.74,1095.32,123.1,122.9,1.1,1.6,1.2,2445.0,106.54,406100
2013-09,2221.9,69.9,1860.4,2322.1,361.5,73.0,3178.9,100.2,4.3,4.33,24066.0,1112.99,618.24,376.58,1629.5,609.62,367.41,290.74,1095.32,123.3,123.1,1.2,1.6,1.3,2492.0,106.24,409700
2013-10,2217.5,69.6,1846.8,2325.7,370.8,73.0,3185.1,108.1,4.6,4.4,14568.0,1117.05,618.24,376.58,1629.5,609.62,367.41,290.74,1095.32,123.0,123.0,1.2,1.5,1.2,2890.0,100.55,413000
2013-11,2227.1,69.8,1856.7,2336.2,370.4,73.2,3190.5,109.1,4.7,4.39,14568.0,1135.22,618.24,376.58,1629.5,609.62,367.41,290.74,1095.32,123.0,123.2,1.2,1.5,1.0,3384.0,93.93,415000
2013-12,2218.8,69.4,1860.5,2334.2,358.4,73.0,3195.4,115.4,4.9,4.39,14568.0,1142.56,618.24,376.58,1629.5,609.62,367.41,290.74,1095.32,122.7,123.6,1.4,1.6,1.2,2559.0,97.89,418400
2014-01,2219.6,69.3,1857.2,2331.4,362.4,72.8,3201.0,111.8,4.8,4.38,19481.0,1114.54,605.22,366.21,1611.74,576.5,373.56,285.56,1276.53,123.1,123.9,1.5,1.7,1.3,2500.0,94.86,423000
2014-02,2230.3,69.5,1877.4,2338.4,353.0,72.9,3206.9,108.1,4.6,4.32,19481.0,1147.03,605.22,366.21,1611.74,576.5,373.56,285.56,1276.53,124.1,124.3,1.4,1.5,1.3,2471.0,100.68,428600
2014-03,2231.5,69.4,1867.8,2349.1,363.7,73.1,3214.4,117.6,5.0,4.16,19481.0,1154.36,605.22,366.21,1611.74,576.5,373.56,285.56,1276.53,124.8,124.5,1.5,1.6,1.4,2758.0,100.51,432600
2014-04,2231.9,69.2,1852.1,2349.1,379.8,72.9,3224.3,117.3,5.0,4.02,23568.0,1146.38,605.22,366.21,1611.74,576.5,373.56,285.56,1276.53,125.2,125.0,1.6,1.7,1.4,3262.0,102.04,436200
2014-05,2246.1,69.5,1872.4,2359.0,373.7,73.0,3231.4,112.9,4.8,4.02,23568.0,1133.36,605.22,366.21,1611.74,576.5,373.56,285.56,1276.53,125.8,125.1,1.7,1.8,1.4,2721.0,101.8,438800
2014-06,2256.6,69.7,1894.6,2373.4,362.0,73.3,3238.9,116.8,4.9,4.0,23568.0,1149.91,605.22,366.21,1611.74,576.5,373.56,285.56,1276.53,125.9,125.4,1.8,1.8,1.5,4423.0,105.15,441300
2014-07,2257.2,69.6,1867.4,2360.0,389.9,72.7,3244.6,102.8,4.4,4.01,15965.0,1137.25,605.22,366.21,1611.74,576.5,373.56,285.56,1276.53,125.7,125.4,1.6,1.7,1.5,3131.0,102.39,441600
2014-08,2243.3,69.0,1864.1,2363.5,379.2,72.7,3249.6,120.2,5.1,4.01,15965.0,1154.78,605.22,366.21,1611.74,576.5,373.56,285.56,1276.53,125.7,125.5,1.7,1.7,1.4,3568.0,96.08,442100
2014-09,2252.7,69.2,1868.8,2359.4,383.9,72.5,3254.5,106.7,4.5,4.02,15965.0,1159.16,605.22,366.21,1611.74,576.5,373.56,285.56,1276.53,125.8,125.7,1.7,1.8,1.5,3613.0,93.03,443400
2014-10,2251.4,69.1,1878.4,2369.6,373.1,72.7,3257.6,118.2,5.0,4.0,5705.0,1162.99,605.22,366.21,1611.74,576.5,373.56,285.56,1276.53,125.9,125.9,1.7,1.8,1.5,3247.0,84.34,444400
2014-11,2259.6,69.3,1885.5,2371.3,374.1,72.7,3260.6,111.7,4.7,4.0,5705.0,1159.69,605.22,366.21,1611.74,576.5,373.56,285.56,1276.53,125.4,125.7,1.7,1.8,1.8,3079.0,75.81,446600
2014-12,2268.6,69.5,1890.8,2385.2,377.8,73.1,3263.0,116.6,4.9,3.98,5705.0,1158.01,605.22,366.21,1611.74,576.5,373.56,285.56,1276.53,124.5,125.5,1.7,1.7,1.7,2495.0,59.29,446300
2015-01,2284.7,70.0,1908.2,2397.9,376.5,73.4,3265.5,113.1,4.7,3.96,7864.0,1156.69,386.54,322.87,844.95,510.76,322.55,252.24,1205.64,124.3,125.1,1.7,1.8,1.8,2936.0,47.22,447700
2015-02,2271.6,69.5,1890.2,2400.0,381.3,73.4,3269.0,128.5,5.4,3.91,7864.0,1174.65,386.54,322.87,844.95,510.76,322.55,252.24,1205.64,125.4,125.5,1.6,1.7,1.7,3183.0,50.58,441900
2015-03,2271.4,69.4,1879.2,2403.9,392.1,73.4,3273.2,132.5,5.5,3.84,7864.0,1171.36,386.54,322.87,844.95,510.76,322.55,252.24,1205.64,126.3,126.1,1.6,1.8,1.7,3675.0,47.82,438400
2015-04,2277.1,69.5,1870.6,2414.3,406.6,73.7,3277.5,137.2,5.7,3.76,18160.0,1143.23,386.54,322.87,844.95,510.76,322.55,252.24,1205.64,126.2,125.8,1.4,1.6,1.7,2523.0,54.45,436000
2015-05,2274.5,69.3,1887.5,2425.4,387.1,73.9,3281.1,150.8,6.2,3.74,18160.0,1144.3,386.54,322.87,844.95,510.76,322.55,252.24,1205.64,126.9,126.3,1.5,1.7,1.9,2605.0,59.27,431600
2015-06,2267.5,69.0,1882.0,2415.1,385.5,73.5,3285.3,147.5,6.1,3.72,18160.0,1150.96,386.54,322.87,844.95,510.76,322.55,252.24,1205.64,127.2,126.8,1.5,1.6,1.9,3354.0,59.82,432700
2015-07,2274.5,69.2,1897.2,2418.5,377.3,73.6,3288.2,144.0,6.0,3.71,6310.0,1117.29,386.54,322.87,844.95,510.76,322.55,252.24,1205.64,127.3,127.1,1.6,1.8,1.9,2910.0,50.9,433900
2015-08,2265.7,68.9,1880.4,2414.2,385.3,73.4,3290.1,148.6,6.2,3.71,6310.0,1124.65,386.54,322.87,844.95,510.76,322.55,252.24,1205.64,127.3,127.1,1.6,1.8,2.0,2883.0,42.87,433900
2015-09,2271.4,69.0,1864.8,2432.5,406.6,73.9,3293.0,161.1,6.6,3.71,6310.0,1137.97,386.54,322.87,844.95,510.76,322.55,252.24,1205.64,127.1,127.0,1.6,1.8,2.0,2933.0,45.48,433200
2015-10,2259.0,68.6,1856.1,2410.4,402.9,73.2,3295.1,151.4,6.3,3.72,3808.0,1134.13,386.54,322.87,844.95,510.76,322.55,252.24,1205.64,127.2,127.2,1.7,1.8,2.0,2481.0,46.22,431300
2015-11,2239.0,67.9,1848.7,2405.4,390.3,73.0,3297.0,166.4,6.9,3.72,3808.0,1137.81,386.54,322.87,844.95,510.76,322.55,252.24,1205.64,127.1,127.3,1.8,2.0,2.1,3389.0,42.44,429300
2015-12,2229.3,67.6,1824.0,2400.8,405.3,72.8,3298.9,171.4,7.1,3.75,3808.0,1137.18,386.54,322.87,844.95,510.76,322.55,252.24,1205.64,126.5,127.4,1.8,2.1,2.0,1820.0,37.19,428700
2016-01,2215.9,67.1,1807.3,2395.0,408.5,72.5,3301.4,179.2,7.5,3.76,6156.0,1108.58,351.97,304.35,746.34,496.9,343.26,211.7,1231.7,126.8,127.5,1.8,2.0,2.1,1453.0,31.68,427300
2016-02,2220.7,67.2,1808.8,2406.1,411.9,72.8,3304.7,185.3,7.7,3.75,6156.0,1139.98,351.97,304.35,746.34,496.9,343.26,211.7,1231.7,127.1,127.3,1.8,1.9,2.0,1585.0,30.32,423200
2016-03,2222.2,67.2,1817.1,2396.1,405.1,72.5,3307.0,173.9,7.3,3.73,6156.0,1130.22,351.97,304.35,746.34,496.9,343.26,211.7,1231.7,127.9,127.7,1.8,2.0,2.0,1557.0,37.55,420900
2016-04,2216.5,67.0,1803.1,2397.8,413.3,72.5,3309.1,181.4,7.6,3.7,5901.0,1121.74,351.97,304.35,746.34,496.9,343.26,211.7,1231.7,128.3,127.9,1.9,2.1,2.0,2201.0,40.75,419800
2016-05,2197.6,66.3,1780.8,2394.8,416.7,72.3,3312.6,197.2,8.2,3.67,5901.0,1096.81,351.97,304.35,746.34,496.9,343.26,211.7,1231.7,128.8,128.3,2.0,2.1,1.8,1697.0,46.71,419400
2016-06,2192.6,66.1,1770.7,2387.3,421.9,72.0,3315.4,194.7,8.2,3.66,5901.0,1101.68,351.97,304.35,746.34,496.9,343.26,211.7,1231.7,129.1,128.6,2.0,2.1,1.8,1947.0,48.76,419200
2016-07,2189.7,66.0,1773.7,2404.3,416.0,72.5,3318.5,214.7,8.9,3.67,2875.0,1114.76,351.97,304.35,746.34,496.9,343.26,211.7,1231.7,128.9,128.5,1.9,2.0,1.7,2139.0,44.65,419900
2016-08,2199.2,66.2,1779.4,2397.0,419.8,72.2,3321.4,197.8,8.3,3.68,2875.0,1121.39,351.97,304.35,746.34,496.9,343.26,211.7,1231.7,128.7,128.6,1.9,1.9,1.7,1639.0,44.72,420000
2016-09,2201.3,66.2,1781.2,2407.9,420.1,72.5,3323.4,206.5,8.6,3.67,2875.0,1104.92,351.97,304.35,746.34,496.9,343.26,211.7,1231.7,128.8,128.8,1.9,2.0,1.5,2339.0,45.18,420100
2016-10,2207.4,66.4,1781.1,2414.0,426.3,72.6,3325.5,206.6,8.6,3.68,1741.0,1112.77,351.97,304.35,746.34,496.9,343.26,211.7,1231.7,129.1,129.1,1.8,2.0,1.4,2064.0,49.78,420200
2016-11,2201.3,66.2,1775.2,2413.0,426.1,72.5,3327.3,211.7,8.8,3.7,1741.0,1122.1,351.97,304.35,746.34,496.9,343.26,211.7,1231.7,128.6,128.9,1.6,1.9,1.2,2043.0,45.66,420600
2016-12,2203.2,66.2,1782.3,2410.5,420.9,72.4,3329.4,207.4,8.6,3.74,1741.0,1128.01,351.97,304.35,746.34,496.9,343.26,211.7,1231.7,128.4,129.3,1.6,1.8,1.3,1963.0,51.97,421300
2017-01,2211.4,66.4,1770.7,2418.1,440.7,72.6,3332.6,206.7,8.5,3.73,3178.0,1106.58,407.66,334.65,926.4,535.62,413.19,226.17,1267.27,129.5,130.1,1.6,1.8,1.2,1102.0,52.5,422700
2017-02,2220.2,66.6,1791.4,2414.9,428.7,72.4,3335.7,194.7,8.1,3.75,3178.0,1121.32,407.66,334.65,926.4,535.62,413.19,226.17,1267.27,129.7,129.9,1.5,1.8,1.2,1926.0,53.47,424400
2017-03,2220.5,66.5,1792.1,2428.8,428.4,72.7,3339.0,208.3,8.6,3.66,3178.0,1121.83,407.66,334.65,926.4,535.62,413.19,226.17,1267.27,129.9,129.7,1.4,1.7,1.1,2520.0,49.33,425900
2017-04,2216.5,66.3,1803.9,2414.4,412.6,72.2,3341.8,197.9,8.2,3.62,4635.0,1125.07,407.66,334.65,926.4,535.62,413.19,226.17,1267.27,130.4,130.1,1.3,1.6,1.1,2546.0,51.06,427700
2017-05,2214.2,66.2,1804.3,2414.8,409.9,72.2,3345.2,200.6,8.3,3.59,4635.0,1106.7,407.66,334.65,926.4,535.62,413.19,226.17,1267.27,130.5,129.9,1.2,1.6,1.0,2588.0,48.48,429500
2017-06,2219.7,66.3,1794.3,2407.0,425.4,71.9,3348.1,187.3,7.8,3.6,4635.0,1125.36,407.66,334.65,926.4,535.62,413.19,226.17,1267.27,130.4,129.9,1.2,1.5,1.1,2613.0,45.18,431000
2017-07,2209.8,65.9,1800.4,2408.6,409.4,71.9,3351.9,198.7,8.2,3.72,8234.0,1117.31,407.66,334.65,926.4,535.62,413.19,226.17,1267.27,130.4,130.1,1.3,1.6,1.2,2858.0,46.63,430600
2017-08,2213.1,65.9,1805.2,2415.1,408.0,72.0,3356.1,202.0,8.4,3.82,8234.0,1119.17,407.66,334.65,926.4,535.62,413.19,226.17,1267.27,130.5,130.4,1.4,1.6,1.2,2188.0,48.04,431200
2017-09,2220.4,66.1,1822.5,2402.1,398.0,71.5,3359.2,181.7,7.6,3.89,8234.0,1146.44,407.66,334.65,926.4,535.62,413.19,226.17,1267.27,130.8,130.7,1.4,1.5,1.3,2393.0,49.82,431200
2017-10,2223.0,66.1,1816.0,2410.3,407.0,71.7,3362.2,187.3,7.8,3.98,4634.0,1153.44,407.66,334.65,926.4,535.62,413.19,226.17,1267.27,130.9,130.9,1.4,1.5,1.3,2402.0,51.58,430300
2017-11,2235.1,66.4,1810.8,2414.7,424.3,71.8,3365.3,179.6,7.4,4.04,4634.0,1140.72,407.66,334.65,926.4,535.62,413.19,226.17,1267.27,131.3,131.7,1.7,1.7,1.4,2802.0,56.64,430600
2017-12,2266.0,67.3,1843.9,2440.7,422.2,72.5,3368.5,174.7,7.2,4.07,4634.0,1154.96,407.66,334.65,926.4,535.62,413.19,226.17,1267.27,130.8,131.8,1.7,1.7,1.6,1687.0,57.95,430500
2018-01,2270.5,67.3,1874.3,2434.4,396.2,72.2,3373.1,163.9,6.7,4.14,6858.0,1136.5,444.48,355.09,1036.47,560.77,490.49,227.73,1285.79,131.7,132.3,1.8,1.8,1.6,1641.0,63.55,431900
2018-02,2267.4,67.1,1862.2,2424.3,405.2,71.8,3376.8,156.9,6.5,4.26,6858.0,1167.84,444.48,355.09,1036.47,560.77,490.49,227.73,1285.79,132.5,132.6,2.0,1.9,1.8,1707.0,62.16,432600
2018-03,2274.4,67.3,1856.0,2422.8,418.4,71.7,3381.2,148.4,6.1,4.27,6858.0,1161.5,444.48,355.09,1036.47,560.77,490.49,227.73,1285.79,132.9,132.7,1.9,1.9,1.8,1892.0,62.87,433400
2018-04,2260.1,66.7,1863.8,2422.5,396.3,71.5,3386.9,162.4,6.7,4.27,9045.0,1155.8,444.48,355.09,1036.47,560.77,490.49,227.73,1285.79,133.3,132.8,1.9,1.8,1.8,2287.0,66.33,432600
2018-05,2271.7,67.0,1871.3,2422.1,400.3,71.4,3391.2,150.5,6.2,4.35,9045.0,1122.76,444.48,355.09,1036.47,560.77,490.49,227.73,1285.79,133.4,132.9,1.8,1.8,1.8,2875.0,69.89,431500
2018-06,2269.8,66.8,1864.1,2431.4,405.7,71.6,3395.9,161.6,6.6,4.32,9045.0,1150.13,444.48,355.09,1036.47,560.77,490.49,227.73,1285.79,133.6,133.1,1.9,1.9,1.8,2208.0,67.32,430500
2018-07,2273.6,66.8,1858.4,2442.7,415.3,71.8,3401.8,169.1,6.9,4.42,11291.0,1144.09,444.48,355.09,1036.47,560.77,490.49,227.73,1285.79,134.3,133.7,2.0,1.9,1.9,2550.0,70.74,428900
2018-08,2293.0,67.3,1878.4,2459.3,414.5,72.2,3406.3,166.3,6.8,4.43,11291.0,1147.68,444.48,355.09,1036.47,560.77,490.49,227.73,1285.79,134.2,133.9,2.0,1.9,1.9,2794.0,67.85,427000
2018-09,2289.8,67.1,1866.8,2462.1,422.9,72.2,3410.4,172.4,7.0,4.43,11291.0,1134.04,444.48,355.09,1036.47,560.77,490.49,227.73,1285.79,133.7,133.8,1.9,1.8,1.8,1827.0,70.07,425200
2018-10,2290.0,67.1,1872.2,2462.4,417.9,72.1,3414.9,172.3,7.0,4.48,6973.0,1150.64,444.48,355.09,1036.47,560.77,490.49,227.73,1285.79,134.1,134.2,2.0,1.9,1.9,1415.0,70.76,426100
2018-11,2312.8,67.6,1896.6,2467.8,416.2,72.2,3419.3,155.0,6.3,4.38,6973.0,1148.26,444.48,355.09,1036.47,560.77,490.49,227.73,1285.79,133.5,134.0,1.9,1.8,1.8,2128.0,56.96,425700
2018-12,2295.5,67.1,1877.4,2450.7,418.1,71.6,3423.3,155.2,6.3,4.59,6973.0,1150.1,444.48,355.09,1036.47,560.77,490.49,227.73,1285.79,133.4,134.3,1.9,1.8,1.7,1431.0,49.52,424100
2019-01,2294.5,66.9,1875.6,2457.2,418.8,71.7,3428.3,162.8,6.6,4.59,7571.0,1127.19,427.86,339.9,1002.87,576.3,404.72,218.3,1264.19,133.6,134.3,1.9,1.7,1.8,1674.0,51.38,421600
2019-02,2292.2,66.8,1880.3,2468.0,411.9,71.9,3431.8,175.7,7.1,4.52,7571.0,1150.91,427.86,339.9,1002.87,576.3,404.72,218.3,1264.19,134.5,134.7,1.9,1.9,2.0,1401.0,54.95,418900
2019-03,2282.0,66.4,1888.1,2449.1,393.9,71.3,3435.9,167.2,6.8,4.44,7571.0,1176.16,427.86,339.9,1002.87,576.3,404.72,218.3,1264.19,135.4,135.2,2.2,2.0,2.0,1252.0,58.15,416700
2019-04,2316.9,67.3,1896.0,2476.7,420.9,72.0,3441.1,159.8,6.5,4.33,10813.0,1147.91,427.86,339.9,1002.87,576.3,404.72,218.3,1264.19,136.0,135.6,2.0,1.9,2.0,2060.0,63.86,416800
2019-05,2307.3,67.0,1873.7,2473.5,433.6,71.8,3445.5,166.2,6.7,4.3,10813.0,1161.4,427.86,339.9,1002.87,576.3,404.72,218.3,1264.19,136.6,136.0,2.2,2.0,2.1,1798.0,60.83,416400
2019-06,2314.9,67.1,1909.8,2480.1,405.1,71.9,3450.6,165.2,6.7,4.23,10813.0,1162.52,427.86,339.9,1002.87,576.3,404.72,218.3,1264.19,136.3,135.9,2.0,2.0,2.1,2690.0,54.66,415900
2019-07,2314.8,67.0,1888.6,2491.7,426.2,72.1,3456.7,176.9,7.1,4.14,14251.0,1153.91,427.86,339.9,1002.87,576.3,404.72,218.3,1264.19,137.0,136.4,2.0,2.0,2.2,2471.0,57.35,416400
2019-08,2300.8,66.5,1879.8,2491.1,421.0,72.0,3461.2,190.3,7.6,4.08,14251.0,1154.79,427.86,339.9,1002.87,576.3,404.72,218.3,1264.19,136.8,136.4,2.0,1.9,2.1,2608.0,54.81,417300
2019-09,2310.4,66.6,1889.1,2475.0,421.3,71.4,3467.9,164.6,6.7,4.07,14251.0,1173.79,427.86,339.9,1002.87,576.3,404.72,218.3,1264.19,136.2,136.3,2.0,1.9,2.4,2762.0,56.95,418700
2019-10,2319.8,66.8,1900.2,2480.8,419.6,71.4,3473.3,161.0,6.5,4.09,10821.0,1192.17,427.86,339.9,1002.87,576.3,404.72,218.3,1264.19,136.6,136.7,2.0,2.0,2.4,1935.0,53.96,418700
2019-11,2306.5,66.3,1893.7,2486.9,412.8,71.5,3478.1,180.3,7.2,4.09,10821.0,1179.19,427.86,339.9,1002.87,576.3,404.72,218.3,1264.19,136.4,136.8,2.1,2.1,2.5,2208.0,57.03,417800
2019-12,2311.4,66.4,1871.8,2488.2,439.6,71.5,3482.2,176.8,7.1,4.08,10821.0,1183.95,427.86,339.9,1002.87,576.3,404.72,218.3,1264.19,136.4,137.3,2.0,2.0,2.4,3101.0,59.88,418700
2020-01,2293.6,65.8,1876.0,2472.5,417.6,70.9,3486.9,178.9,7.2,4.08,7378.0,1167.83,374.26,360.1,692.67,629.1,454.48,215.78,1227.29,136.8,137.5,2.0,2.0,2.3,1414.0,57.68,417800
2020-02,2302.7,66.0,1875.7,2483.3,427.0,71.1,3491.0,180.6,7.3,4.08,7378.0,1190.2,374.26,360.1,692.67,629.1,454.48,215.78,1227.29,137.4,137.7,1.9,1.9,2.0,1379.0,50.62,416100
2020-03,2172.2,62.1,1817.0,2379.8,355.2,68.1,3495.9,207.6,8.7,3.9,7378.0,1189.14,374.26,360.1,692.67,629.1,454.48,215.78,1227.29,136.6,136.3,1.8,1.8,1.7,2301.0,29.21,412600
2020-04,1945.4,55.6,1653.7,2238.8,291.8,64.0,3499.2,293.4,13.1,3.95,-3590.0,1229.7,374.26,360.1,692.67,629.1,454.48,215.78,1227.29,135.7,135.6,1.8,1.9,1.7,1919.0,16.55,407900
2020-05,1961.1,56.0,1629.6,2319.6,331.5,66.2,3502.1,358.4,15.5,3.86,-3590.0,1239.98,374.26,360.1,692.67,629.1,454.48,215.78,1227.29,136.1,135.4,1.6,1.8,1.4,1572.0,28.56,406100
2020-06,2063.5,58.8,1710.9,2433.5,352.6,69.4,3506.4,370.1,15.2,3.77,-3590.0,1214.84,374.26,360.1,692.67,629.1,454.48,215.78,1227.29,137.2,136.5,1.8,1.9,1.5,1298.0,38.31,404200
2020-07,2124.4,60.5,1734.5,2441.4,389.9,69.6,3509.2,317.0,13.0,3.64,-1148.0,1192.57,374.26,360.1,692.67,629.1,454.48,215.78,1227.29,137.2,136.5,1.7,1.8,1.3,1944.0,40.71,410600
2020-08,2134.3,60.8,1731.9,2436.7,402.4,69.4,3512.0,302.4,12.4,3.57,-1148.0,1207.09,374.26,360.1,692.67,629.1,454.48,215.78,1227.29,137.0,136.8,1.7,1.9,1.5,1737.0,42.34,415300
2020-09,2168.4,61.7,1768.2,2464.6,400.3,70.1,3515.3,296.2,12.0,3.51,-1148.0,1199.91,374.26,360.1,692.67,629.1,454.48,215.78,1227.29,136.9,137.1,1.8,2.0,1.4,2165.0,39.63,420500
2020-10,2193.5,62.3,1769.5,2472.5,424.0,70.3,3518.7,279.0,11.3,3.45,3306.0,1185.62,374.26,360.1,692.67,629.1,454.48,215.78,1227.29,137.5,137.5,1.8,2.0,1.6,2660.0,39.4,425400
2020-11,2188.2,62.1,1749.5,2457.6,438.8,69.8,3522.1,269.4,11.0,3.42,3306.0,1203.44,374.26,360.1,692.67,629.1,454.48,215.78,1227.29,137.7,138.0,1.9,2.0,1.7,2214.0,40.94,430700
2020-12,2180.3,61.9,1778.2,2443.9,402.0,69.3,3524.9,263.7,10.8,3.34,3306.0,1200.95,374.26,360.1,692.67,629.1,454.48,215.78,1227.29,137.4,138.5,1.8,2.0,1.5,2439.0,47.02,432800
2021-01,2199.6,62.4,1793.6,2452.0,406.0,69.5,3527.7,252.4,10.3,3.3,3169.0,1229.5,600.2,491.9,1280.51,810.93,705.95,308.58,1601.37,138.2,139.0,1.9,2.1,1.6,2066.0,52.0,435200
2021-02,2221.8,62.9,1800.8,2463.1,421.0,69.7,3531.4,241.3,9.8,3.25,3169.0,1248.83,600.2,491.9,1280.51,810.93,705.95,308.58,1601.37,138.9,139.2,1.9,2.1,1.5,1854.0,59.04,436900
2021-03,2257.4,63.9,1819.2,2482.7,438.3,70.3,3533.5,225.3,9.1,3.26,3169.0,1224.37,600.2,491.9,1280.51,810.93,705.95,308.58,1601.37,139.6,139.3,2.2,2.2,2.0,1974.0,62.33,442800
2021-04,2238.6,63.3,1825.3,2455.1,413.3,69.4,3535.3,216.5,8.8,3.25,160.0,1214.91,600.2,491.9,1280.51,810.93,705.95,308.58,1601.37,140.3,140.1,2.4,2.4,2.1,2804.0,61.72,448800
2021-05,2237.3,63.3,1822.8,2446.2,414.4,69.2,3536.2,208.9,8.5,3.25,160.0,1220.44,600.2,491.9,1280.51,810.93,705.95,308.58,1601.37,141.0,140.3,2.7,2.5,2.6,2915.0,65.17,453900
2021-06,2246.3,63.5,1813.4,2461.5,432.8,69.6,3537.7,215.3,8.7,3.26,160.0,1217.37,600.2,491.9,1280.51,810.93,705.95,308.58,1601.37,141.4,140.7,2.7,2.6,2.6,2528.0,71.38,457600
2021-07,2247.4,63.5,1805.8,2456.1,441.6,69.4,3540.8,208.7,8.5,3.2,13689.0,1217.31,600.2,491.9,1280.51,810.93,705.95,308.58,1601.37,142.3,141.5,3.1,2.8,2.8,2705.0,72.49,461200
2021-08,2272.4,64.1,1842.7,2468.7,429.8,69.6,3545.3,196.3,8.0,3.2,13689.0,1222.47,600.2,491.9,1280.51,810.93,705.95,308.58,1601.37,142.6,142.5,3.3,3.0,3.0,2642.0,67.73,462900
2021-09,2297.3,64.7,1866.9,2493.5,430.4,70.2,3550.2,196.2,7.9,3.22,13689.0,1218.29,600.2,491.9,1280.51,810.93,705.95,308.58,1601.37,142.9,143.2,3.5,3.0,3.1,2152.0,71.65,464900
2021-10,2286.3,64.3,1874.1,2476.2,412.2,69.6,3556.0,189.9,7.7,3.29,11622.0,1228.43,600.2,491.9,1280.51,810.93,705.95,308.58,1601.37,143.9,143.9,3.5,3.0,3.0,2985.0,81.48,469600
2021-11,2300.0,64.6,1877.4,2482.8,422.6,69.7,3562.0,182.8,7.4,3.4,11622.0,1236.28,600.2,491.9,1280.51,810.93,705.95,308.58,1601.37,144.2,144.5,3.5,3.0,3.2,3485.0,79.15,474900
2021-12,2327.2,65.2,1899.3,2500.4,427.9,70.1,3568.1,173.2,6.9,3.45,11622.0,1234.7,600.2,491.9,1280.51,810.93,705.95,308.58,1601.37,144.0,145.2,3.9,3.4,3.3,2502.0,71.71,480200
2022-01,2330.3,65.2,1885.4,2501.3,444.9,70.0,3573.9,171.0,6.8,3.44,12182.0,1248.05,761.28,547.56,1766.09,915.3,683.54,353.64,1770.39,145.3,146.1,4.1,3.7,3.7,1725.0,83.22,492600
2022-02,2354.4,65.8,1897.5,2515.8,456.9,70.3,3580.2,161.4,6.4,3.58,12182.0,1259.51,761.28,547.56,1766.09,915.3,683.54,353.64,1770.39,146.8,147.1,4.4,3.9,4.1,2207.0,91.64,512900
2022-03,2350.3,65.5,1896.9,2506.0,453.4,69.9,3586.6,155.7,6.2,3.77,12182.0,1264.48,761.28,547.56,1766.09,915.3,683.54,353.64,1770.39,148.9,148.6,4.8,4.2,4.6,2279.0,108.5,515900
2022-04,2366.4,65.9,1916.6,2520.3,449.7,70.1,3593.3,154.0,6.1,4.19,25465.0,1247.0,761.28,547.56,1766.09,915.3,683.54,353.64,1770.39,149.8,149.7,5.2,4.6,5.0,3530.0,101.78,520900
2022-05,2380.4,66.1,1961.1,2525.5,419.2,70.1,3601.7,145.1,5.7,4.63,25465.0,1249.76,761.28,547.56,1766.09,915.3,683.54,353.64,1770.39,151.9,151.2,5.5,4.9,5.6,3916.0,109.55,520100
2022-06,2390.8,66.2,1949.7,2521.5,441.1,69.9,3609.0,130.7,5.2,5.05,25465.0,1244.85,761.28,547.56,1766.09,915.3,683.54,353.64,1770.39,152.9,152.1,5.6,5.0,5.7,3345.0,114.34,519900
2022-07,2386.6,66.0,1958.8,2511.6,427.8,69.4,3616.8,125.1,5.0,5.51,45988.0,1234.89,761.28,547.56,1766.09,915.3,683.54,353.64,1770.39,153.1,152.3,5.5,5.0,6.0,3560.0,99.39,519000
2022-08,2388.0,65.8,1955.6,2527.7,432.4,69.7,3627.7,139.6,5.5,5.58,45988.0,1260.97,761.28,547.56,1766.09,915.3,683.54,353.64,1770.39,152.6,152.4,5.2,4.9,5.9,2812.0,91.48,518800
2022-09,2382.1,65.5,1943.3,2519.1,438.8,69.2,3637.7,137.0,5.4,5.64,45988.0,1257.47,761.28,547.56,1766.09,915.3,683.54,353.64,1770.39,152.7,153.0,5.3,5.0,6.0,3423.0,83.8,519600
2022-10,2395.0,65.6,1957.3,2530.7,437.7,69.4,3648.8,135.7,5.4,5.75,34098.0,1270.68,761.28,547.56,1766.09,915.3,683.54,353.64,1770.39,153.8,153.8,5.4,5.2,6.0,3915.0,87.03,519900
2022-11,2397.1,65.5,1951.7,2542.1,445.3,69.5,3657.1,145.0,5.7,5.88,34098.0,1282.27,761.28,547.56,1766.09,915.3,683.54,353.64,1770.39,154.0,154.3,5.4,5.3,6.3,2612.0,84.39,521000
2022-12,2409.0,65.7,1970.6,2552.4,438.5,69.6,3666.2,143.3,5.6,5.89,34098.0,1260.85,761.28,547.56,1766.09,915.3,683.54,353.64,1770.39,153.1,154.3,5.2,5.2,6.2,2119.0,76.52,521400
2023-01,2429.7,66.1,1977.4,2585.6,452.3,70.3,3678.4,155.9,6.0,5.86,43424.0,1270.6,761.28,547.56,1766.09,915.3,683.54,353.64,1770.39,153.9,154.7,5.0,5.0,6.2,1968.0,78.16,523600
